{
  "css/style.css": 1626197112557,
  "manifest.json": 1626271032161,
  "model/models.js": 1626197112557,
  "controller/View1.controller.js": 1626197112557,
  "Component.js": 1626197112557,
  "manifest-bundle.zip": 1626271031788,
  "Component-preload.js": 1626271032122,
  "model/models-dbg.js": 1626197112557,
  "controller/View1-dbg.controller.js": 1626197112557,
  "Component-dbg.js": 1626197112557,
  "resources.json": 1626271032164,
  "view/View1.view.xml": 1626270116020,
  "i18n/i18n.properties": 1626197112557,
  "index.html": 1626270794752
}