{
  "index.html": 1626718450817,
  "Component.js": 1626197112557,
  "model/models.js": 1626197112557,
  "controller/View1.controller.js": 1626197112557,
  "manifest.json": 1626719022386,
  "manifest-bundle.zip": 1626719022058,
  "Component-preload.js": 1626719022352,
  "controller/View1-dbg.controller.js": 1626197112557,
  "model/models-dbg.js": 1626197112557,
  "Component-dbg.js": 1626197112557,
  "resources.json": 1626719022389,
  "view/View1.view.xml": 1626270116020,
  "css/style.css": 1626197112557,
  "i18n/i18n.properties": 1626197112557
}